{
  "train_mae":2.6781341315,
  "test_mae":3.0876891936,
  "train_r2":0.8670540818,
  "test_r2":0.8194448839,
  "test_rmse":3.886470475,
  "prediction_bias":-0.2040525896,
  "cv_score_mae":3.0852113286
}